--CLIENTES

insert into cliente (nombre,apellido,domicilio,telefono) values ('Juan'            ,'Riquelme'     ,'Bransen 123'                 ,'541130888931');
insert into cliente (nombre,apellido,domicilio,telefono) values ('Javier'          ,'Saviola'      ,'Nuñez 234'                   ,'541130888932');
insert into cliente (nombre,apellido,domicilio,telefono) values ('Juan'            ,'Cavaliere'    ,'Ricchieri 950'               ,'541130888933');
insert into cliente (nombre,apellido,domicilio,telefono) values ('Ignacio'         ,'Escapa'       ,'Tucuman 800'                 ,'541130888934');
insert into cliente (nombre,apellido,domicilio,telefono) values ('Nicolas'         ,'Correa'       ,'Entre Rios 650'              ,'541130888935');
insert into cliente (nombre,apellido,domicilio,telefono) values ('Ezequiel'        ,'Ruidiaz'      ,'Santa fe 650'                ,'541130888936');
insert into cliente (nombre,apellido,domicilio,telefono) values ('Dante'           ,'De Franco'    ,'Paunero 700'                 ,'541130888937');
insert into cliente (nombre,apellido,domicilio,telefono) values ('Luis'            ,'Alcarraz'     ,'Ricchieri 838'               ,'541130888938');
insert into cliente (nombre,apellido,domicilio,telefono) values ('Diego'           ,'Maradona'     ,'Moine 1000'                  ,'541130888939');
insert into cliente (nombre,apellido,domicilio,telefono) values ('Lionel'          ,'Messi'        ,'Barcelona 222'               ,'541130888940');
insert into cliente (nombre,apellido,domicilio,telefono) values ('Carlos'          ,'Tevez'        ,'Apache 246'                  ,'541130888941');
insert into cliente (nombre,apellido,domicilio,telefono) values ('Claudio Paul'    ,'Caniggia'     ,'Italia 90'                   ,'541130888942');
insert into cliente (nombre,apellido,domicilio,telefono) values ('Gabriel Omar'    ,'Batistuta'    ,'Francia 98'                  ,'541130888943');
insert into cliente (nombre,apellido,domicilio,telefono) values ('Gabriela'        ,'Sabatini'     ,'Estados Unidos 90'           ,'541130888944');
insert into cliente (nombre,apellido,domicilio,telefono) values ('Oscar Natalio'   ,'Bonavena'     ,'Eduardo Madero 470'          ,'541130888945');
insert into cliente (nombre,apellido,domicilio,telefono) values ('Martin'          ,'Palermo'      ,'Corrientes 4193 '            ,'541130888946');
insert into cliente (nombre,apellido,domicilio,telefono) values ('Ikram'           ,'Lora'         , '24 De Septiembre 263'       ,'548887273789');
insert into cliente (nombre,apellido,domicilio,telefono) values ('Bruno'           ,'Sagarra'      , 'Galacia 1430'               ,'547205527792');
insert into cliente (nombre,apellido,domicilio,telefono) values ('Aroa'            ,'Ribes'        , 'Necochea 62'                ,'546382130490');
insert into cliente (nombre,apellido,domicilio,telefono) values ('Braulio'         ,'Saldaña'      , 'Cosme BEccar 274'           ,'548652307680');
  

--COMERCIOS

insert into comercio (nombre,domicilio,codigopostal,telefono) values ('Supermercado Dia'       ,'Sdor Moron 200'        ,'1661'   ,'46660011') ;
insert into comercio (nombre,domicilio,codigopostal,telefono) values ('Supermercado Disco'     ,'Sdor Moron 1600'       ,'1661'   ,'46660022');
insert into comercio (nombre,domicilio,codigopostal,telefono) values ('Supermercado Coto'      ,'Munzon 6200'           ,'1662'   ,'46660033');
insert into comercio (nombre,domicilio,codigopostal,telefono) values ('Supermercado Carrefour' ,'Peron 200'             ,'1663'   ,'46660044');
insert into comercio (nombre,domicilio,codigopostal,telefono) values ('Supermercado Norte'     ,'Pardo 900'             ,'1662'   ,'46660055');
insert into comercio (nombre,domicilio,codigopostal,telefono) values ('Carniceria CrisCar'     ,'Ricchieri 1100'        ,'1661'   ,'46660066');
insert into comercio (nombre,domicilio,codigopostal,telefono) values ('Carniceria Molto'       ,'Mitre 1200'            ,'1663'   ,'46660077');
insert into comercio (nombre,domicilio,codigopostal,telefono) values ('Carniceria Los Reyes'   ,'España 3200'           ,'1663'   ,'46660088');
insert into comercio (nombre,domicilio,codigopostal,telefono) values ('Libreria Fox'           ,'San Jose 700'          ,'1662'   ,'46660099');
insert into comercio (nombre,domicilio,codigopostal,telefono) values ('Libreria La Esquina'    ,'Chubut 550'            ,'1661'   ,'46661100');
insert into comercio (nombre,domicilio,codigopostal,telefono) values ('Verduleria Santa Isabel','Richieri 1054'         ,'1661'   ,'46661314');
insert into comercio (nombre,domicilio,codigopostal,telefono) values ('MaxiKiosco BV'          ,'Senador Moron 784'     ,'1661'   ,'46661550');
insert into comercio (nombre,domicilio,codigopostal,telefono) values ('Supermercado EL Oasis'  ,'Alvear Marcelo T De 2323'              ,'92614'  ,'46669852');
insert into comercio (nombre,domicilio,codigopostal,telefono) values ('Cien Acres'             ,'Libertad 3780'                         ,'67510'  ,'44603929');
insert into comercio (nombre,domicilio,codigopostal,telefono) values ('La Cesta De Oro'        ,'Mapiu 572'                             ,'72701'  ,'44609381');
insert into comercio (nombre,domicilio,codigopostal,telefono) values ('El Emporio'             ,'Chacobuco Bat De 1271'                 ,'48823'  ,'46601192');
insert into comercio (nombre,domicilio,codigopostal,telefono) values ('La Gran Canasta'        ,'Derqui 831'                            ,'02740'  ,'46608281');
insert into comercio (nombre,domicilio,codigopostal,telefono) values ('Maxi Ahorro'            ,'Gral Paunero 135'                      ,'59013'  ,'46607382');
insert into comercio (nombre,domicilio,codigopostal,telefono) values ('La Pradera Minimarket'  ,'Maza 3260'                             ,'74120'  ,'44601144');
insert into comercio (nombre,domicilio,codigopostal,telefono) values ('Tiempo De Ahorro'       ,'Dr.Adolfo Alsina 977'                  ,'38401'  ,'44602858');


--TARJETAS 
insert into tarjeta values('4540730040713558', 1, '202001','202401', '356', '15000','vigente');
insert into tarjeta values('4540730040713578', 1, '201211','201711', '505', '150000','anulada');
insert into tarjeta values('4540730040713559', 2, '201901','202301', '357', '10000','vigente');
insert into tarjeta values('4540730040713579', 2, '201612','202012', '506', '160000','anulada');
insert into tarjeta values('4540730040713560', 3, '201803','202203', '358', '12000','vigente');
insert into tarjeta values('4540730040713561', 4, '201801','202101', '359', '15000','anulada');
insert into tarjeta values('4540730040713562', 5, '201802','202102', '360', '20000','anulada');
insert into tarjeta values('4540730040713563', 6, '201803','202103', '361', '25000','anulada');
insert into tarjeta values('4540730040713564', 7, '202101','202501', '362', '30000','suspendida');
insert into tarjeta values('4540730040713565', 8, '202001','202401', '363', '35000','suspendida');
insert into tarjeta values('4540730040713566', 9, '201712','202112', '364', '40000','suspendida');
insert into tarjeta values('4540730040713567', 10, '201904','202304', '365', '45000','vigente');
insert into tarjeta values('4540730040713568', 11, '200707','201107', '366', '50000','anulada');
insert into tarjeta values('4540730040713569', 12, '202105','202505', '367', '55000','suspendida');
insert into tarjeta values('4540730040713570', 13, '202104','202504', '368', '60000','suspendida');
insert into tarjeta values('4540730040713571', 14, '200312','200712', '369', '80000','anulada');
insert into tarjeta values('4540730040713572', 15, '201906','202406', '370', '90000','vigente');
insert into tarjeta values('4540730040713573', 16, '201204','201604', '351', '100000','anulada');
insert into tarjeta values('4540730040713574', 17, '201605','202005', '352', '110000','anulada');
insert into tarjeta values('4540730040713575', 18, '202105','202505', '353', '115000','vigente');
insert into tarjeta values('4540730040713576', 19, '202101','202501', '354', '120000','suspendida');
insert into tarjeta values('4540730040713577', 20, '202012','202512', '355', '125000','vigente');



--CIERRES
insert into cierre values(2021, 1, 0, '2021-01-01', '2021-01-31', '2021-02-11');
insert into cierre values(2021, 2, 0, '2021-02-01', '2021-02-28', '2021-03-11');
insert into cierre values(2021, 3, 0, '2021-03-01', '2021-03-31', '2021-04-11');
insert into cierre values(2021, 4, 0, '2021-04-01', '2021-04-30', '2021-05-11');
insert into cierre values(2021, 5, 0, '2021-05-01', '2021-05-31', '2021-06-11');
insert into cierre values(2021, 6, 0, '2021-06-01', '2021-06-30', '2021-07-11');
insert into cierre values(2021, 7, 0, '2021-07-01', '2021-07-31', '2021-08-11');
insert into cierre values(2021, 8, 0, '2021-08-01', '2021-08-31', '2021-09-11');
insert into cierre values(2021, 9, 0, '2021-09-01', '2021-09-30', '2021-10-11');
insert into cierre values(2021, 10, 0, '2021-10-01', '2021-10-31', '2021-11-11');
insert into cierre values(2021, 11, 0, '2021-11-01', '2021-11-30', '2021-12-11');
insert into cierre values(2021, 12, 0, '2021-12-01', '2021-12-31', '2022-01-11');
insert into cierre values(2021, 1, 1, '2021-01-02', '2021-02-01', '2021-02-12');
insert into cierre values(2021, 2, 1, '2021-02-02', '2021-03-01', '2021-03-12');
insert into cierre values(2021, 3, 1, '2021-03-02', '2021-04-01', '2021-04-12');
insert into cierre values(2021, 4, 1, '2021-04-02', '2021-05-01', '2021-05-12');
insert into cierre values(2021, 5, 1, '2021-05-02', '2021-06-01', '2021-06-12');
insert into cierre values(2021, 6, 1, '2021-06-02', '2021-07-01', '2021-07-12');
insert into cierre values(2021, 7, 1, '2021-07-02', '2021-08-01', '2021-08-12');
insert into cierre values(2021, 8, 1, '2021-08-02', '2021-09-01', '2021-09-12');
insert into cierre values(2021, 9, 1, '2021-09-02', '2021-10-01', '2021-10-12');
insert into cierre values(2021, 10, 1, '2021-10-02', '2021-11-01', '2021-11-12');
insert into cierre values(2021, 11, 1, '2021-11-02', '2021-12-01', '2021-12-12');
insert into cierre values(2021, 12, 1, '2021-12-02', '2022-01-01', '2022-01-12');
insert into cierre values(2021, 1, 2, '2021-01-03', '2021-02-02', '2021-02-13');
insert into cierre values(2021, 2, 2, '2021-02-03', '2021-03-02', '2021-03-13');
insert into cierre values(2021, 3, 2, '2021-03-03', '2021-04-02', '2021-04-13');
insert into cierre values(2021, 4, 2, '2021-04-03', '2021-05-02', '2021-05-13');
insert into cierre values(2021, 5, 2, '2021-05-03', '2021-06-02', '2021-06-13');
insert into cierre values(2021, 6, 2, '2021-06-03', '2021-07-02', '2021-07-13');
insert into cierre values(2021, 7, 2, '2021-07-03', '2021-08-02', '2021-08-13');
insert into cierre values(2021, 8, 2, '2021-08-03', '2021-09-02', '2021-09-13');
insert into cierre values(2021, 9, 2, '2021-09-03', '2021-10-02', '2021-10-13');
insert into cierre values(2021, 10, 2, '2021-10-03', '2021-11-02', '2021-11-13');
insert into cierre values(2021, 11, 2, '2021-11-03', '2021-12-02', '2021-12-13');
insert into cierre values(2021, 12, 2, '2021-12-03', '2022-01-02', '2022-01-13');
insert into cierre values(2021, 1, 3, '2021-01-04', '2021-02-03', '2021-02-14');
insert into cierre values(2021, 2, 3, '2021-02-04', '2021-03-03', '2021-03-14');
insert into cierre values(2021, 3, 3, '2021-03-04', '2021-04-03', '2021-04-14');
insert into cierre values(2021, 4, 3, '2021-04-04', '2021-05-03', '2021-05-14');
insert into cierre values(2021, 5, 3, '2021-05-04', '2021-06-03', '2021-06-14');
insert into cierre values(2021, 6, 3, '2021-06-04', '2021-07-03', '2021-07-14');
insert into cierre values(2021, 7, 3, '2021-07-04', '2021-08-03', '2021-08-14');
insert into cierre values(2021, 8, 3, '2021-08-04', '2021-09-03', '2021-09-14');
insert into cierre values(2021, 9, 3, '2021-09-04', '2021-10-03', '2021-10-14');
insert into cierre values(2021, 10, 3, '2021-10-04', '2021-11-03', '2021-11-14');
insert into cierre values(2021, 11, 3, '2021-11-04', '2021-12-03', '2021-12-14');
insert into cierre values(2021, 12, 3, '2021-12-04', '2022-01-03', '2022-01-14');
insert into cierre values(2021, 1, 4, '2021-01-05', '2021-02-04', '2021-02-15');
insert into cierre values(2021, 2, 4, '2021-02-05', '2021-03-04', '2021-03-15');
insert into cierre values(2021, 3, 4, '2021-03-05', '2021-04-04', '2021-04-15');
insert into cierre values(2021, 4, 4, '2021-04-05', '2021-05-04', '2021-05-15');
insert into cierre values(2021, 5, 4, '2021-05-05', '2021-06-04', '2021-06-15');
insert into cierre values(2021, 6, 4, '2021-06-05', '2021-07-04', '2021-07-15');
insert into cierre values(2021, 7, 4, '2021-07-05', '2021-08-04', '2021-08-15');
insert into cierre values(2021, 8, 4, '2021-08-05', '2021-09-04', '2021-09-15');
insert into cierre values(2021, 9, 4, '2021-09-05', '2021-10-04', '2021-10-15');
insert into cierre values(2021, 10, 4, '2021-10-05', '2021-11-04', '2021-11-15');
insert into cierre values(2021, 11, 4, '2021-11-05', '2021-12-04', '2021-12-15');
insert into cierre values(2021, 12, 4, '2021-12-05', '2022-01-04', '2022-01-15');
insert into cierre values(2021, 1, 5, '2021-01-06', '2021-02-05', '2021-02-16');
insert into cierre values(2021, 2, 5, '2021-02-06', '2021-03-05', '2021-03-16');
insert into cierre values(2021, 3, 5, '2021-03-06', '2021-04-05', '2021-04-16');
insert into cierre values(2021, 4, 5, '2021-04-06', '2021-05-05', '2021-05-16');
insert into cierre values(2021, 5, 5, '2021-05-06', '2021-06-05', '2021-06-16');
insert into cierre values(2021, 6, 5, '2021-06-06', '2021-07-05', '2021-07-16');
insert into cierre values(2021, 7, 5, '2021-07-06', '2021-08-05', '2021-08-16');
insert into cierre values(2021, 8, 5, '2021-08-06', '2021-09-05', '2021-09-16');
insert into cierre values(2021, 9, 5, '2021-09-06', '2021-10-05', '2021-10-16');
insert into cierre values(2021, 10, 5, '2021-10-06', '2021-11-05', '2021-11-16');
insert into cierre values(2021, 11, 5, '2021-11-06', '2021-12-05', '2021-12-16');
insert into cierre values(2021, 12, 5, '2021-12-06', '2022-01-05', '2022-01-16');
insert into cierre values(2021, 1, 6, '2021-01-07', '2021-02-06', '2021-02-17');
insert into cierre values(2021, 2, 6, '2021-02-07', '2021-03-06', '2021-03-17');
insert into cierre values(2021, 3, 6, '2021-03-07', '2021-04-06', '2021-04-17');
insert into cierre values(2021, 4, 6, '2021-04-07', '2021-05-06', '2021-05-17');
insert into cierre values(2021, 5, 6, '2021-05-07', '2021-06-06', '2021-06-17');
insert into cierre values(2021, 6, 6, '2021-06-07', '2021-07-06', '2021-07-17');
insert into cierre values(2021, 7, 6, '2021-07-07', '2021-08-06', '2021-08-17');
insert into cierre values(2021, 8, 6, '2021-08-07', '2021-09-06', '2021-09-17');
insert into cierre values(2021, 9, 6, '2021-09-07', '2021-10-06', '2021-10-17');
insert into cierre values(2021, 10, 6, '2021-10-07', '2021-11-06', '2021-11-17');
insert into cierre values(2021, 11, 6, '2021-11-07', '2021-12-06', '2021-12-17');
insert into cierre values(2021, 12, 6, '2021-12-07', '2022-01-06', '2022-01-17');
insert into cierre values(2021, 1, 7, '2021-01-08', '2021-02-07', '2021-02-18');
insert into cierre values(2021, 2, 7, '2021-02-08', '2021-03-07', '2021-03-18');
insert into cierre values(2021, 3, 7, '2021-03-08', '2021-04-07', '2021-04-18');
insert into cierre values(2021, 4, 7, '2021-04-08', '2021-05-07', '2021-05-18');
insert into cierre values(2021, 5, 7, '2021-05-08', '2021-06-07', '2021-06-18');
insert into cierre values(2021, 6, 7, '2021-06-08', '2021-07-07', '2021-07-18');
insert into cierre values(2021, 7, 7, '2021-07-08', '2021-08-07', '2021-08-18');
insert into cierre values(2021, 8, 7, '2021-08-08', '2021-09-07', '2021-09-18');
insert into cierre values(2021, 9, 7, '2021-09-08', '2021-10-07', '2021-10-18');
insert into cierre values(2021, 10, 7, '2021-10-08', '2021-11-07', '2021-11-18');
insert into cierre values(2021, 11, 7, '2021-11-08', '2021-12-07', '2021-12-18');
insert into cierre values(2021, 12, 7, '2021-12-08', '2022-01-07', '2022-01-18');
insert into cierre values(2021, 1, 8, '2021-01-09', '2021-02-08', '2021-02-19');
insert into cierre values(2021, 2, 8, '2021-02-09', '2021-03-08', '2021-03-19');
insert into cierre values(2021, 3, 8, '2021-03-09', '2021-04-08', '2021-04-19');
insert into cierre values(2021, 4, 8, '2021-04-09', '2021-05-08', '2021-05-19');
insert into cierre values(2021, 5, 8, '2021-05-09', '2021-06-08', '2021-06-19');
insert into cierre values(2021, 6, 8, '2021-06-09', '2021-07-08', '2021-07-19');
insert into cierre values(2021, 7, 8, '2021-07-09', '2021-08-08', '2021-08-19');
insert into cierre values(2021, 8, 8, '2021-08-09', '2021-09-08', '2021-09-19');
insert into cierre values(2021, 9, 8, '2021-09-09', '2021-10-08', '2021-10-19');
insert into cierre values(2021, 10, 8, '2021-10-09', '2021-11-08', '2021-11-19');
insert into cierre values(2021, 11, 8, '2021-11-09', '2021-12-08', '2021-12-19');
insert into cierre values(2021, 12, 8, '2021-12-09', '2022-01-08', '2022-01-19');
insert into cierre values(2021, 1, 9, '2021-01-10', '2021-02-09', '2021-02-20');
insert into cierre values(2021, 2, 9, '2021-02-10', '2021-03-09', '2021-03-20');
insert into cierre values(2021, 3, 9, '2021-03-10', '2021-04-09', '2021-04-20');
insert into cierre values(2021, 4, 9, '2021-04-10', '2021-05-09', '2021-05-20');
insert into cierre values(2021, 5, 9, '2021-05-10', '2021-06-09', '2021-06-20');
insert into cierre values(2021, 6, 9, '2021-06-10', '2021-07-09', '2021-07-20');
insert into cierre values(2021, 7, 9, '2021-07-10', '2021-08-09', '2021-08-20');
insert into cierre values(2021, 8, 9, '2021-08-10', '2021-09-09', '2021-09-20');
insert into cierre values(2021, 9, 9, '2021-09-10', '2021-10-09', '2021-10-20');
insert into cierre values(2021, 10, 9, '2021-10-10', '2021-11-09', '2021-11-20');
insert into cierre values(2021, 11, 9, '2021-11-10', '2021-12-09', '2021-12-20');
insert into cierre values(2021, 12, 9, '2021-12-10', '2022-01-09', '2022-01-20');

--CONSUMOS
insert into consumo (nrotarjeta,codseguridad,nrocomercio,monto) values ('4540730040713559','357',1,'5000');
insert into consumo (nrotarjeta,codseguridad,nrocomercio,monto) values ('4540730040713560','358',8,'6000');
insert into consumo (nrotarjeta,codseguridad,nrocomercio,monto) values ('4540730040713567','365',2,'4500');
insert into consumo (nrotarjeta,codseguridad,nrocomercio,monto) values ('4540730040713572','370',6,'3200');
insert into consumo (nrotarjeta,codseguridad,nrocomercio,monto) values ('4540730040713577','355',7,'5500');
insert into consumo (nrotarjeta,codseguridad,nrocomercio,monto) values ('4540730040713558','356',3,'1000');
insert into consumo (nrotarjeta,codseguridad,nrocomercio,monto) values ('4540730040713560','358',11,'4000');
insert into consumo (nrotarjeta,codseguridad,nrocomercio,monto) values ('4540730040713579','506',1,'10000');
insert into consumo (nrotarjeta,codseguridad,nrocomercio,monto) values ('4540730040713575','353',9,'10000');
--consumos no validos por tarjetas expiradas
insert into consumo (nrotarjeta,codseguridad,nrocomercio,monto) values ('4540730040713578','505',3,'7500');
insert into consumo (nrotarjeta,codseguridad,nrocomercio,monto) values ('4540730040713578','505',4,'2500');
insert into consumo (nrotarjeta,codseguridad,nrocomercio,monto) values ('4540730040713562','360',10,'10000');
-- consumos no validos por limite de compra
insert into consumo (nrotarjeta,codseguridad,nrocomercio,monto) values ('4540730040713558','356',6,'16000');
insert into consumo (nrotarjeta,codseguridad,nrocomercio,monto) values ('4540730040713559','357',5,'11000');
-- consumos no validos por tarjeta suspendida
insert into consumo (nrotarjeta,codseguridad,nrocomercio,monto) values ('4540730040713565','363',19,'10000');
-- consumos no validos porcodigo de seguridad invàlido
insert into consumo (nrotarjeta,codseguridad,nrocomercio,monto) values ('4540730040713577','354',14,'1500');
insert into consumo (nrotarjeta,codseguridad,nrocomercio,monto) values ('4540730040713558','156',4,'2000');
